ID,Foundation area,Citation,Year,DOI / URL,Source type,OoC axis,Role in Pass 0,Status,Evidence / boundary note,Destination folder
W1,Origin theories / synthesis,"Jassim A, Rahrmann EP, Simons BD, Gilbertson RJ. Cancers make their own luck: theories of cancer origins. Nature Reviews Cancer 23, 710–724.",2023,10.1038/s41568-023-00602-5,Review,Boundary / route / theory positioning,Map major origin theories and novelty boundary,ANCHOR,Review maps competing theories; not itself evidence for one universal origin mechanism.,01 - Classical Carcinogenesis Theories
W2,Precancer / boundary definition,"Faupel-Badger J et al. Defining precancer: a grand challenge for the cancer community. Nature Reviews Cancer 24, 792–809.",2024,10.1038/s41568-024-00744-0,Expert review / recommendation,Boundary / persistence,Define precursor concepts and unresolved onset boundary,ANCHOR,Precancer is not one automatically unified dynamical state.,"09 - Precancer, Pathology & Boundary Definitions"
W3,Early cancer biology / measurement,"Zhou R, Tang X, Wang Y. Emerging strategies to investigate the biology of early cancer. Nature Reviews Cancer 24, 850–866.",2024,10.1038/s41568-024-00754-y,Review,Observation / route,Map experimental systems for early transition reconstruction,ANCHOR,Supports multi-shadow observation; does not close specific routes.,"08 - Lineage, Causality, Observability & Identifiability"
W4,Normal somatic evolution,"Kakiuchi N, Ogawa S. Clonal expansion in non-cancer tissues. Nature Reviews Cancer 21, 239–256.",2021,10.1038/s41568-021-00335-3,Review,Capability / boundary,Establish driver-mutant normal tissue as key null,ANCHOR,Driver-mutant clone ≠ malignant onset.,02 - Evolutionary & Ecological Theories
W5,Tumour promotion / selection context,"Lopez-Bigas N et al. Tumour promotion through the lens of evolution. Nature 652, 591–601.",2026,10.1038/s41586-026-10386-x,Review / synthesis,Route / context / selection,Define promotion as altered selection rather than only mutagenesis,ANCHOR,Context can change clone fitness without creating the initiating mutation.,"03 - Tissue Organization, Promotion & Cell Competition"
W6,Cell competition / tissue governance,"Colom B et al. Mutant clones in normal epithelium outcompete and eliminate emerging tumours. Nature 598, 510–514.",2021,10.1038/s41586-021-03965-7,Primary in vivo,Persistence / governance,Operationalize restoring competition,ANCHOR,Direct evidence that surrounding tissue can determine nascent tumour survival in model system.,"03 - Tissue Organization, Promotion & Cell Competition"
W7,Early niche construction,"Skrupskelyte G et al. Precancerous niche remodelling dictates nascent tumour persistence. Nature 653, 242–253.",2026,10.1038/s41586-026-10157-8,Primary in vivo,Persistence / constitution / niche,Test multicellular establishment,ANCHOR,Niche remodeling can be causal for persistence in studied system.,"05 - Niche, Immune & Multicellular Establishment"
W8,Early stromal/immune niche,"Choi J et al. Early fibrotic niches establish tumour-permissive microenvironments. Nature 653, 254–264.",2026,10.1038/s41586-026-10399-6,Primary in vivo,Persistence / constitution / niche,Test self-reinforcing multicellular initiation circuit,ANCHOR,Supports epithelial–stromal–immune establishment loop in model system.,"05 - Niche, Immune & Multicellular Establishment"
W9,Developmental origins,"Chen X et al. Developmental origins shape the paediatric cancer genome. Nature Reviews Cancer 24, 382–398.",2024,10.1038/s41568-024-00684-9,Review,Boundary / ancestry / developmental state,Break adult mutation-first assumptions,ANCHOR,Requires developmental-state routes and low-mutation origin cases.,"04 - Developmental, Cell-of-Origin & Plasticity"
W10,Critical transition / attractor,"Shin D, Cho K-H. Critical transition and reversion of tumorigenesis. Experimental & Molecular Medicine 55, 692–705.",2023,10.1038/s12276-023-00969-3,Review / theory,Regime / transition,Map critical-transition language and prior art,ANCHOR,Regime/tipping-point language is not OoC novelty by itself.,"06 - Dynamical Systems, Attractors & Critical Transitions"
W11,Early-cancer atlas infrastructure,US National Cancer Institute. Human Tumor Atlas Network / Pre-Cancer Atlas programme.,2026,https://www.cancer.gov/about-nci/organization/dcb/research-programs/htan,Programme / data infrastructure,Observation / spatial / longitudinal,Map available early-transition data ecosystem,ANCHOR,Data programme; not a theory or proof of route closure.,"08 - Lineage, Causality, Observability & Identifiability"
W12,Mathematical oncology,"Scibilia KR et al. Mathematical Oncology: How Modeling Is Transforming Clinical Decision Making. Cancer Research 85, 4866–4879.",2025,10.1158/0008-5472.CAN-25-0750,Review,Model family / validation,Map plurality of mathematical oncology,ANCHOR,Supports backend plurality; no universal equation implied.,07 - Mathematical Natural History & Stochastic Establishment
W13,Mathematical oncology history,75 Years of Mathematical Oncology. Bibliometric review.,2026,PMCID PMC12871332,Review,Model family / history,Map historical mathematical landscape,ANCHOR,Historical map only.,07 - Mathematical Natural History & Stochastic Establishment
W14,Tumour phylogenetics,"Li L et al. Resolving tumor evolution: a phylogenetic approach. Journal of the National Cancer Center 4, 97–106.",2024,10.1016/j.jncc.2024.03.001,Review,Ancestry / route inference,Define what phylogeny can and cannot identify,ANCHOR,Phylogeny supports ancestry/order more directly than mechanism.,"08 - Lineage, Causality, Observability & Identifiability"
W15,Selection vs causation,Cheek D et al. Age distinguishes selection from causation in cancer genomes. Nature Genetics.,2026,10.1038/s41588-026-02593-z,Primary / methods,Causality / selection,Guard against treating positive selection as cancer causation,ANCHOR,Selection signatures do not automatically establish malignant causation.,02 - Evolutionary & Ecological Theories
W16,Tissue architecture / evolution,Normal tissue architecture determines the evolutionary course of cancer. Nature Communications.,2021,10.1038/s41467-021-22123-1,Primary / modeling-experimental,Governance / context,Show spatial architecture changes evolutionary trajectories,ANCHOR,Architecture can reshape selection without changing intrinsic mutation identity.,"03 - Tissue Organization, Promotion & Cell Competition"
W17,Microenvironment theory,"Yuan S, Almagro J, Fuchs E. Beyond genetics: driving cancer with the tumour microenvironment behind the wheel. Nature Reviews Cancer 24, 274–286.",2024,10.1038/s41568-023-00660-9,Review,Niche / context / constitution,Map non-cell-autonomous cancer causation,ANCHOR,Useful theory synthesis; primary papers still needed for load-bearing edges.,"05 - Niche, Immune & Multicellular Establishment"
W18,Polyclonal origin,Polyclonality overcomes fitness barriers in Apc-driven tumorigenesis. Nature.,2024,10.1038/s41586-024-08053-0,Primary lineage tracing,Founder ontology / ancestry,Break single-founder assumption,ANCHOR,Supports multiclonal founder ensembles in studied system.,02 - Evolutionary & Ecological Theories
W19,Host genetic background,Aitken SJ et al. Genetic background sets the trajectory of experimental cancer evolution. Nature.,2026,10.1038/s41586-026-10821-z,Primary experimental evolution,Host state / route,Test adapter/background dependence,ANCHOR,"Background can change driver choice, WGD and selection trajectory.",02 - Evolutionary & Ecological Theories
W20,Spatial cancer biology,"Chen J et al. Spatial landscapes of cancers: insights and opportunities. Nature Reviews Clinical Oncology 21, 660–674.",2024,10.1038/s41571-024-00926-7,Review,Spatial observation / niche,Map spatial evidence and limitations,ANCHOR,Spatial colocalization alone ≠ niche causality.,"08 - Lineage, Causality, Observability & Identifiability"
W21,Multistate natural history,"Cheung LC, Albert PS, Das S, Cook RJ. Multistate models for the natural history of cancer progression. British Journal of Cancer 127, 1279–1288.",2022,10.1038/s41416-022-01904-5; PMID 35821296,Methods,Natural history / persistence,"Model transitions, regression and sojourn times",ANCHOR,Clinical/pathology states are not automatically Markov states.,07 - Mathematical Natural History & Stochastic Establishment
W22,Competing risks / multistate methods,"Putter H, Fiocco M, Geskus RB. Tutorial in biostatistics: competing risks and multi-state models. Statistics in Medicine 26, 2389–2430.",2007,10.1002/sim.2712; PMID 17031868,Methods,Natural history / observation,Anchor competing-risk and multistate inference,ANCHOR,Essential for non-cancer exits and state-dependent observation.,07 - Mathematical Natural History & Stochastic Establishment
W23,Prediction reporting,Collins GS et al. Transparent reporting of a multivariable prediction model for individual prognosis or diagnosis (TRIPOD). BMJ 350:g7594.,2015,10.1136/bmj.g7594,Methods / reporting,Validation,Prevent post-hoc prediction claims,ANCHOR,"Reporting standard, not cancer-origin evidence.","10 - Adversarial Theories, Nulls & Falsifiers"
W24,Prediction risk of bias,"Wolff RF et al. PROBAST: A Tool to Assess the Risk of Bias and Applicability of Prediction Model Studies. Annals of Internal Medicine 170, 51–58.",2019,10.7326/M18-1376; PMID 30596875,Methods,Validation,Audit model bias and applicability,ANCHOR,Validation governance only.,"10 - Adversarial Theories, Nulls & Falsifiers"
W25,Prediction risk of bias,"Moons KGM et al. PROBAST: Explanation and Elaboration. Annals of Internal Medicine 170, W1–W33.",2019,10.7326/M18-1377; PMID 30596876,Methods,Validation,Operational detail for bias/applicability audit,ANCHOR,Validation governance only.,"10 - Adversarial Theories, Nulls & Falsifiers"
W26,Decision-analytic validation,"Vickers AJ, Elkin EB. Decision curve analysis: a novel method for evaluating prediction models. Medical Decision Making 26, 565–574.",2006,10.1177/0272989X06295361; PMID 17099194,Methods,Validation,Map utility evaluation when prediction claims become relevant,ANCHOR,Not needed to define biological onset; relevant to future model utility claims.,"10 - Adversarial Theories, Nulls & Falsifiers"
W27,Multiscale cancer modeling,"Deisboeck TS, Wang Z, Macklin P, Cristini V. Multiscale Cancer Modeling. Annual Review of Biomedical Engineering 13, 127–155.",2011,10.1146/annurev-bioeng-071910-124729; PMID 21529163,Review / methods,Scale / model family,Map cell–clone–tissue–host modeling issues,ANCHOR,Supports explicit scale projection; not one preferred backend.,07 - Mathematical Natural History & Stochastic Establishment
W28,Markov aggregation,"Ganguly A, Petrov T, Koeppl H. Markov chain aggregation and its applications to combinatorial reaction networks. Journal of Mathematical Biology 69, 767–797.",2014,10.1007/s00285-013-0738-7; PMID 24253253,Methods,Coarse-graining,Guard against macro-state Markov laundering,ANCHOR,Aggregation requires conditions; micro Markovity need not survive projection.,07 - Mathematical Natural History & Stochastic Establishment
W29,Exact lumpability / reduction,"Cardelli L et al. Exact maximal reduction of stochastic reaction networks by species lumping. Bioinformatics 37, 2175–2182.",2021,10.1093/bioinformatics/btab081; PMID 33532836,Methods,Coarse-graining,Anchor exact reduction conditions,ANCHOR,Formal reduction method; biological applicability must be demonstrated.,07 - Mathematical Natural History & Stochastic Establishment
W30,Pathology evidence levels,"Cree IA et al. Evidence-levels in pathology for informing the WHO classification of tumours. Histopathology 81, 420–425.",2022,10.1111/his.14648,Methods / pathology,Boundary / nosology,Map pathology evidence hierarchy,ANCHOR,"Pathology is reference standard, not automatic dynamical regime definition.","09 - Precancer, Pathology & Boundary Definitions"
W31,WHO tumour classification,"WHO Classification of Tumours Editorial Board / IARC. WHO Classification of Tumours, 5th edition / Online.",2019–2026,https://tumourclassification.iarc.who.int/,Reference standard,Boundary / pathology,External label concordance for every adapter,ANCHOR,Diagnostic labels must remain external to OoC state definition to avoid circularity.,"09 - Precancer, Pathology & Boundary Definitions"
W32,Data provenance,"Wilkinson MD et al. The FAIR Guiding Principles for scientific data management and stewardship. Scientific Data 3, 160018.",2016,10.1038/sdata.2016.18; PMID 26978244,Methods / governance,Provenance,Make source/artifact lineage reproducible,ANCHOR,"Reproducibility governance, not empirical cancer evidence.","10 - Adversarial Theories, Nulls & Falsifiers"
W33,Computational reproducibility,Sandve GK et al. Ten Simple Rules for Reproducible Computational Research. PLoS Computational Biology 9:e1003285.,2013,10.1371/journal.pcbi.1003285,Methods / governance,Provenance,Guard formal and computational lineage,ANCHOR,QA/reproducibility does not validate biology.,"10 - Adversarial Theories, Nulls & Falsifiers"
W34,Normal tissue clonal evolution,"Yoshida K. Somatic mutations and clonal evolution in normal tissues and cancer development. Experimental & Molecular Medicine 58, 961–969.",2026,10.1038/s12276-025-01592-0,Review,Boundary / selection / ancestry,Update normal-tissue null and pre-onset clone dynamics,ANCHOR,Driver-mutant clonal expansion in normal tissue remains compatible with preserved homeostasis; does not define malignant onset.,02 - Evolutionary & Ecological Theories
W35,Population genetics / tumour evolution,"Caravagna G, Graham TA, Sottoriva A. A guide to understanding tumour evolution through the lens of population genetics. Nature Reviews Cancer.",2026,10.1038/s41568-026-00973-5,Review / methods,Selection / drift / inference,Update selection-vs-drift and evolutionary-inference foundations,ANCHOR,Sequencing patterns require population-genetic interpretation; genomic history is not self-interpreting.,"08 - Lineage, Causality, Observability & Identifiability"
W36,Single-cell genotype–phenotype co-evolution,Izzo F et al. A single-cell lens into the co-evolution of genotypes and phenotypes in cancer. Nature Reviews Cancer.,2026,10.1038/s41568-026-00970-8,Review,Ancestry / state / observation,Update joint genotype–phenotype reconstruction and single-cell limits,ANCHOR,Useful for connecting lineage and state while preserving their distinction.,"08 - Lineage, Causality, Observability & Identifiability"
W37,Intrinsic immune barrier / viral mimicry,Chen R et al. Viral mimicry escape as a necessary feature of malignant transformation. Nature Reviews Cancer.,2026,10.1038/s41568-026-00977-1,Review / hypothesis synthesis,Persistence / immune barrier / falsifier,Add hostile universality hypothesis for establishment,ANCHOR / ADVERSARIAL,Strong review-level claim that escape from endogenous antiviral sensing may be fundamental; necessity must be tested across adapters and not promoted without primary evidence.,"05 - Niche, Immune & Multicellular Establishment"
W38,Carcinogen mechanism framework,IARC. Key Characteristics-associated End-points for Evaluating Mechanistic Evidence of Carcinogenic Hazards. IARC Monographs Technical Report.,2025,"IARC Technical Report, June 2025",Authoritative methods / hazard framework,External causes / mechanisms,Cover mutagenic and non-mutagenic carcinogenesis mechanisms systematically,ANCHOR,"Ten key characteristics include genotoxicity, genomic instability, epigenetic alteration, inflammation, immunosuppression, receptor effects, immortalization and altered proliferation/death/nutrient supply.","11 - Host, Germline, Infection & Systemic Context"
W39,Host macroenvironment,"Altea-Manzano P et al. Metabolic interplays between the tumour and the host shape the tumour macroenvironment. Nature Reviews Cancer 25, 274–292.",2025,10.1038/s41568-024-00786-4,Review,Host state / metabolism / context,Add host-level metabolic and immune context to origin-state boundary,ANCHOR,"Host germline, immune and metabolic state can influence initiation and progression; tumour-induced systemic effects are downstream and must be separated.","11 - Host, Germline, Infection & Systemic Context"
W40,Ageing / CHIP / inflammation,"Hajishengallis G, Chavakis T. Inflammageing and clonal haematopoiesis interplay and their impact on human disease. Nature Reviews Molecular Cell Biology 27, 377–393.",2026,10.1038/s41580-025-00936-y,Review,Host state / precursor / selection,Strengthen ageing–inflammation–CHIP foundation,ANCHOR,CHIP and inflammageing form reciprocal selective context; malignant progression still requires separate definition.,"11 - Host, Germline, Infection & Systemic Context"
W41,Human precancer atlas infrastructure,NCI Human Tumor Atlas Network / Pre-Cancer Atlas Research Centers.,2026,https://www.cancer.gov/about-nci/organization/dcb/research-programs/htan,Programme / data infrastructure,Observation / spatial / longitudinal,Map live human precancer datasets and adapter opportunities,ANCHOR,"HTAN/PCA explicitly maps cellular, molecular, morphological and spatial changes during precancer-to-malignancy transitions.","13 - Experimental Systems, Data Programs & Adapter Stress Tests"
W42,Epigenomic evolution,"Laisné M, Lupien M, Vallot C. Epigenomic heterogeneity as a source of tumour evolution. Nature Reviews Cancer 25, 7–26.",2025,10.1038/s41568-024-00757-9,Review,State / plasticity / evolution,Strengthen non-genetic state-change foundation,ANCHOR,Same genotype can support diverse epigenomic states; state heterogeneity can drive evolution but does not itself define onset.,"04 - Developmental, Cell-of-Origin & Plasticity"
W43,Aneuploidy as driver,"Sdeor E et al. Aneuploidy as a driver of human cancer. Nature Genetics 56, 2014–2026.",2024,10.1038/s41588-024-01916-2,Review,Genomic mechanism / initiation,Test when aneuploidy is initiating versus accelerating,ANCHOR,Aneuploidy contributes to cancer development but its exact driver role remains context-dependent and unresolved.,01 - Classical Carcinogenesis Theories
W44,Microorganism-driven carcinogenesis,"Wizenty J, Sigal M. Helicobacter pylori, microbiota and gastric cancer — principles of microorganism-driven carcinogenesis. Nature Reviews Gastroenterology & Hepatology 22, 296–313.",2025,10.1038/s41575-025-01042-2,Review,External cause / host–pathogen route,Define persistent infection + host route objects,ANCHOR,"Long-term host–microbe interaction can act through stem/progenitor, inflammatory and tissue-context mechanisms.","11 - Host, Germline, Infection & Systemic Context"
W45,Host genetic background,Aitken SJ et al. Genetic background sets the trajectory of experimental cancer evolution. Nature.,2026,10.1038/s41586-026-10821-z,Primary experimental evolution,Host state / route / transfer,Stress-test pan-cancer parameter universality,ANCHOR,Background genetics interacts with acquired drivers to alter genome stability and selection trajectories in experimental systems.,"11 - Host, Germline, Infection & Systemic Context"
W46,Fibroinflammation,"Xiao Z, Puré E. The fibroinflammatory response in cancer. Nature Reviews Cancer 25, 399–425.",2025,10.1038/s41568-025-00798-8,Review,Niche / inflammation / mechanics,Connect injury/fibrosis/inflammation to initiation and establishment,ANCHOR,"Fibroinflammatory responses participate in initiation, growth and immune suppression; route direction must remain tissue- and stage-specific.","05 - Niche, Immune & Multicellular Establishment"
W47,Mechanisms of carcinogenesis reference,IARC. Tumour Site Concordance and Mechanisms of Carcinogenesis. IARC Scientific Publications.,2019,IARC Scientific Publication,Authoritative synthesis,External cause / host susceptibility / mechanism,"Cover initiation, promotion, genotoxic and non-genotoxic mechanisms, host susceptibility and age",ANCHOR,Mechanism reference layer; not an OoC onset definition.,"11 - Host, Germline, Infection & Systemic Context"
W48,Metabolic-disorder-associated cancer,"Taranto D, Kloosterman DJ, Akkari L. Macrophages and T cells in metabolic disorder-associated cancers. Nature Reviews Cancer 24, 744–767.",2024,10.1038/s41568-024-00743-1,Review,Host state / inflammation / immunity,Cover obesity/MASLD/MASH/diabetes as route context,ANCHOR,Metabolic disorders alter cancer risk through immune-metabolic context; does not imply one shared onset mechanism.,"11 - Host, Germline, Infection & Systemic Context"
W49,Virus-associated cancers,"Toner K, McCann CD, Bollard CM. Applications of cell therapy in the treatment of virus-associated cancers. Nature Reviews Clinical Oncology 21, 709–724.",2024,10.1038/s41571-024-00930-x,Review,Infection / persistent external causal object,Catalog major human oncoviruses and cancer associations,ANCHOR,"Useful route taxonomy for HPV, EBV, KSHV, HBV/HCV, HTLV1 and MCPyV; treatment focus means primary oncogenesis sources still required.","11 - Host, Germline, Infection & Systemic Context"
W50,Classical multistage carcinogenesis,"Nordling CO. A new theory on cancer-inducing mechanism. British Journal of Cancer 7, 68–72.",1953,10.1038/bjc.1953.8; PMID 13051507,Foundational theory,Timing / stages / incidence,Historical foundation for multi-hit carcinogenesis,FOUNDATIONAL,Age-incidence theory; does not itself identify biological stages or malignant establishment.,01 - Classical Carcinogenesis Theories
W51,Classical multistage carcinogenesis,"Armitage P, Doll R. The age distribution of cancer and a multi-stage theory of carcinogenesis. British Journal of Cancer 8, 1–12.",1954,10.1038/bjc.1954.1; PMID 13172380,Foundational theory / mathematical epidemiology,Timing / stages,Canonical multistage incidence model,FOUNDATIONAL,Infers stage-like event count structure from age-incidence; does not identify molecular stages.,01 - Classical Carcinogenesis Theories
W52,Two-hit / inherited boundary,"Knudson AG Jr. Mutation and cancer: statistical study of retinoblastoma. PNAS 68, 820–823.",1971,10.1073/pnas.68.4.820; PMID 5279523,Foundational theory / human statistical evidence,Boundary / germline / event count,Canonical two-hit model; starting-state modification by inherited mutation,FOUNDATIONAL,Strong retinoblastoma-specific model; does not imply every cancer shares two-hit onset semantics.,01 - Classical Carcinogenesis Theories
W53,Clonal evolution,"Nowell PC. The clonal evolution of tumor cell populations. Science 194, 23–28.",1976,10.1126/science.959840; PMID 959840,Foundational theory,Ancestry / selection / evolution,Canonical clonal-evolution formulation,FOUNDATIONAL,Proposed predominantly single-cell origin and sequential selection; modern polyclonality requires founder ontology to remain open.,02 - Evolutionary & Ecological Theories
W54,Ordered genetic progression,"Fearon ER, Vogelstein B. A genetic model for colorectal tumorigenesis. Cell 61, 759–767.",1990,10.1016/0092-8674(90)90186-I; PMID 2188735,Foundational synthesis,Route / order / CRC adapter,Canonical adenoma–carcinoma genetic progression model,FOUNDATIONAL,CRC-specific ordered model; mutation presence/order does not automatically equal causal route closure.,01 - Classical Carcinogenesis Theories
W55,Metabolic-origin theory,"Warburg O. On the origin of cancer cells. Science 123, 309–314.",1956,10.1126/science.123.3191.309; PMID 13298683,Foundational theory,Metabolism / rival origin theory,Historical metabolic-origin claim,FOUNDATIONAL / RIVAL,Important historical theory; modern tumour metabolism evidence must be separated from Warburg's stronger causal-origin claim.,"10 - Adversarial Theories, Nulls & Falsifiers"
W56,Tissue Organization Field Theory,"Soto AM, Sonnenschein C. The tissue organization field theory of cancer: a testable replacement for the somatic mutation theory. BioEssays 33, 332–340.",2011,10.1002/bies.201100025; PMID 21503935,Theory / adversarial foundation,Tissue organization / boundary / governance,Direct rival to cell-centric somatic mutation theory,FOUNDATIONAL / RIVAL,Frames cancer as tissue-organizational disease; requires direct empirical adjudication rather than importing its ontology.,"03 - Tissue Organization, Promotion & Cell Competition"
W57,Evolutionary ecology,"Merlo LMF, Pepper JW, Reid BJ, Maley CC. Cancer as an evolutionary and ecological process. Nature Reviews Cancer 6, 924–935.",2006,10.1038/nrc2013,Foundational review,Selection / ecology / context,Canonical evolutionary-ecology framing,FOUNDATIONAL,Explains selection and ecological dynamics; does not by itself define malignant onset.,02 - Evolutionary & Ecological Theories
W58,Cancer immunoediting,"Schreiber RD, Old LJ, Smyth MJ. Cancer immunoediting: integrating immunity's roles in cancer suppression and promotion. Science 331, 1565–1570.",2011,10.1126/science.1203486; PMID 21436444,Foundational review,Immune restoring force / editing,Canonical elimination–equilibrium–escape framework,FOUNDATIONAL,Immune escape may be route-specific; OoC must test whether it is constitutive for establishment in each adapter.,"05 - Niche, Immune & Multicellular Establishment"
W59,Cancer stem-cell / cell-of-origin foundation,"Reya T, Morrison SJ, Clarke MF, Weissman IL. Stem cells, cancer, and cancer stem cells. Nature 414, 105–111.",2001,10.1038/35102167,Foundational review,Cell of origin / self-renewal / founder,Canonical stem-cell/cancer-stem-cell foundation,FOUNDATIONAL,Cell of origin and tumour-propagating CSC state are distinct questions and must not be collapsed.,"04 - Developmental, Cell-of-Origin & Plasticity"
W60,Epigenetic progenitor theory,"Feinberg AP, Ohlsson R, Henikoff S. The epigenetic progenitor origin of human cancer. Nature Reviews Genetics 7, 21–33.",2006,10.1038/nrg1748,Foundational theory / review,Epigenetic state / progenitor / initiation,Canonical early epigenetic-origin model,FOUNDATIONAL / RIVAL,Supports non-genetic early events; requires modern single-cell and lineage evidence for specific routes.,"04 - Developmental, Cell-of-Origin & Plasticity"
W61,Field cancerization,"Slaughter DP, Southwick HW, Smejkal W. Field cancerization in oral stratified squamous epithelium; clinical implications of multicentric origin. Cancer 6, 963–968.",1953,10.1002/1097-0142(195309)6:5<963::AID-CNCR2820060515>3.0.CO;2-Q; PMID 13094644,Foundational pathology concept,Spatial boundary / multicentric origin,Canonical field-cancerization source,FOUNDATIONAL,Historical pathology concept; modern molecular field evolution is needed to infer ancestry and route structure.,"09 - Precancer, Pathology & Boundary Definitions"
W62,Two-event stochastic carcinogenesis,"Moolgavkar SH, Luebeck G. Two-Event Model for Carcinogenesis: Biological, Mathematical, and Statistical Considerations. Risk Analysis 10, 323–341.",1990,10.1111/j.1539-6924.1990.tb01053.x,Methods / theory review,Natural history / stochastic stages,Bridge from multistage epidemiology to stochastic clonal expansion,FOUNDATIONAL,Model applicability depends on biological state and observation assumptions; not a universal cancer process.,07 - Mathematical Natural History & Stochastic Establishment
W63,Replication-error / stem-division hypothesis,"Tomasetti C, Vogelstein B. Variation in cancer risk among tissues can be explained by the number of stem cell divisions. Science 347, 78–81.",2015,10.1126/science.1260825; PMID 25554788,Human epidemiologic/modeling,Etiology / null / stem-cell division,Important 'bad luck' / replication-error hypothesis,FOUNDATIONAL / ADVERSARIAL,Cross-tissue risk correlation is not a definition of individual malignant onset or route.,"10 - Adversarial Theories, Nulls & Falsifiers"
W64,Replication-error / prevention refinement,"Tomasetti C, Li L, Vogelstein B. Stem cell divisions, somatic mutations, cancer etiology, and cancer prevention. Science 355, 1330–1334.",2017,10.1126/science.aaf9011; PMID 28336671,Human epidemiologic/modeling,Etiology / prevention / null,Refinement of replication-error contribution claims,FOUNDATIONAL / ADVERSARIAL,Mutation-source fractions and prevention estimates do not identify establishment mechanisms.,"10 - Adversarial Theories, Nulls & Falsifiers"
W65,Atavistic cancer theory,"Davies PCW, Lineweaver CH. Cancer tumors as Metazoa 1.0: tapping genes of ancient ancestors. Physical Biology 8, 015001.",2011,10.1088/1478-3975/8/1/015001; PMID 21301065,Theory,Evolutionary history / rival theory,Explicit atavistic origin hypothesis with testable predictions,RIVAL,Should be retained as an adversarial theory until comparative predictions are tested; not part of OoC ontology by default.,"10 - Adversarial Theories, Nulls & Falsifiers"
W66,Prediction reporting / AI update,Collins GS et al. TRIPOD+AI statement: updated guidance for reporting clinical prediction models that use regression or machine learning methods. BMJ 385:e078378.,2024,10.1136/bmj-2023-078378; PMID 38626948,Reporting guideline,Validation / reporting,Replace legacy TRIPOD-only reporting when prediction models use regression or ML,ANCHOR,Reporting standard only; does not validate OoC biology or prediction utility.,"10 - Adversarial Theories, Nulls & Falsifiers"
W67,Prediction risk-of-bias / AI update,"Moons KGM et al. PROBAST+AI: an updated quality, risk of bias, and applicability assessment tool for prediction models using regression or artificial intelligence methods. BMJ 388:e082505.",2025,10.1136/bmj-2024-082505; PMID 40127903,Risk-of-bias/applicability tool,Validation / bias,Update prediction-model bias/applicability audit,ANCHOR,Model-quality governance only; biological and causal validation remain separate.,"10 - Adversarial Theories, Nulls & Falsifiers"
W68,Hallmarks / malignant capability ontology,"Hanahan D. Hallmarks of Cancer: New Dimensions. Cancer Discovery 12, 31–46.",2022,10.1158/2159-8290.CD-21-1059; PMID 35022204,Review / heuristic framework,Capability / phenotype ontology,Reference malignant capabilities without using them as an origin timestamp,FOUNDATIONAL,Hallmarks organize capabilities and enabling characteristics; they do not specify a unique onset event or route.,00 - Index & Ontology
W69,Multicellular cooperation / cheating,Aktipis CA et al. Cancer across the tree of life: cooperation and cheating in multicellularity.,2015,PMID 26056363; PMCID PMC4581024,Evolutionary theory / comparative review,Governance / multicellularity / comparative,Define cancer as breakdown of cellular cooperation and identify evolved suppression dimensions,FOUNDATIONAL / RIVAL,Useful governance/comparative theory; OoC must test which cooperation failures are constitutive versus later hallmarks.,02 - Evolutionary & Ecological Theories
W70,Comparative oncology / Peto's paradox,"Perillo M et al. Peto's paradox: Nature has used multiple strategies to keep cancer at bay while evolving long lifespans and large body masses. Biomedical Journal 47, 100654.",2024,10.1016/j.bj.2023.100654; PMID 37604250,Systematic review,Comparative suppression / host / governance,Stress-test universality of cancer-suppression mechanisms across species,ANCHOR,Supports multiple evolved cancer-suppression strategies rather than one universal protective mechanism.,"11 - Host, Germline, Infection & Systemic Context"
