Queue ID,Theory / foundation,Why OoC needs it,Canonical historical anchor(s) to verify,Destination,Priority,Status
Q01,Multistage carcinogenesis,Foundational waiting-time / multi-hit model; defines what later theories must add beyond event count.,Nordling (1953); Armitage & Doll (1954),01 - Classical Carcinogenesis Theories,Critical,TO VERIFY / INGEST
Q02,Two-hit tumour suppressor model,Separates inherited starting state from later somatic events and motivates stage-specific boundary semantics.,Knudson (1971),01 - Classical Carcinogenesis Theories,Critical,TO VERIFY / INGEST
Q03,Clonal evolution,Core ancestry + selection foundation; must distinguish evolutionary history from malignant establishment.,Nowell (1976); Greaves & Maley (2012),02 - Evolutionary & Ecological Theories,Critical,TO VERIFY / INGEST
Q04,Genetic progression models,Canonical ordered-progression model and challenge case for route/order inference.,Fearon & Vogelstein (1990),01 - Classical Carcinogenesis Theories,High,TO VERIFY / INGEST
Q05,Tumour promotion,Separates mutation creation from altered selection / context.,Berenblum/Shubik historical two-stage promotion; modern W5,"03 - Tissue Organization, Promotion & Cell Competition",Critical,TO VERIFY / INGEST
Q06,Tissue Organization Field Theory,Strong alternative to cell-autonomous mutation-first ontology; key adversarial theory.,Sonnenschein & Soto TOFT corpus,"03 - Tissue Organization, Promotion & Cell Competition",Critical,TO VERIFY / INGEST
Q07,Adaptive oncogenesis / aged microenvironment,Explains why identical mutations can differ in fitness as tissue context changes.,DeGregori / Rozhok corpus,02 - Evolutionary & Ecological Theories,High,TO VERIFY / INGEST
Q08,Evolutionary ecology of cancer,"Frequency dependence, cooperation, competition, public goods and niche construction.",Merlo et al.; Aktipis/Maley; Gatenby/Gillies corpus,02 - Evolutionary & Ecological Theories,High,TO VERIFY / INGEST
Q09,Field cancerization,"Tests lesion boundary, spatial founder ensembles and multiple-neoplasm origin semantics.",Slaughter et al. (1953) + modern field evolution studies,"09 - Precancer, Pathology & Boundary Definitions",Critical,TO VERIFY / INGEST
Q10,Cell-of-origin / cancer stem-cell theories,Separates susceptible normal lineage from first malignant founder and later CSC state.,Cell-of-origin / stemness literature,"04 - Developmental, Cell-of-Origin & Plasticity",Critical,TO VERIFY / INGEST
Q11,Developmental cancer theory,"Forces low-mutation, fetal-lineage and chromatin-driven adapters.",W9 + developmental lineage primary studies,"04 - Developmental, Cell-of-Origin & Plasticity",Critical,IN PROGRESS
Q12,Immune surveillance / immunoediting,Candidate restoring force and possible establishment barrier; route-specific necessity must be tested.,Burnet/Thomas lineage; Dunn/Schreiber immunoediting,"05 - Niche, Immune & Multicellular Establishment",Critical,TO VERIFY / INGEST
Q13,Niche construction / multicellular establishment,Potentially makes stroma/immune cells constitutive components of establishment.,"W7, W8, W17 + primary replications","05 - Niche, Immune & Multicellular Establishment",Critical,IN PROGRESS
Q14,Critical-transition / attractor theories,Defines prior art for tipping-point and regime language and provides falsifiable alternative formulations.,W10 + Huang/Ingber attractor literature,"06 - Dynamical Systems, Attractors & Critical Transitions",High,IN PROGRESS
Q15,Two-stage clonal expansion / stochastic carcinogenesis,"Connects event timing, clone expansion and incidence; candidate bridge to establishment hazards.",Moolgavkar–Venzon–Knudson / TSCE literature,07 - Mathematical Natural History & Stochastic Establishment,Critical,TO VERIFY / INGEST
Q16,Branching-process survival / extinction,Candidate mathematical semantics for early clone establishment; may fail for multicellular niches.,Branching-process cancer initiation literature,07 - Mathematical Natural History & Stochastic Establishment,Critical,TO VERIFY / INGEST
Q17,Metastability / quasi-stationarity,Potential formalism for long-lived precancer and transient malignant-like excursions.,QSD / metastability cancer literature,07 - Mathematical Natural History & Stochastic Establishment,Critical,TO VERIFY / INGEST
Q18,Multistate / semi-Markov natural history,"Needed for entry vs establishment vs regression, dwell times, surveillance and competing events.","W21, W22 + HSMM/semi-Markov literature",07 - Mathematical Natural History & Stochastic Establishment,Critical,IN PROGRESS
Q19,Lineage reconstruction / phylogenetics,Needed for ancestry continuity without laundering order into causality.,W14 + single-cell DNA/spatial lineage literature,"08 - Lineage, Causality, Observability & Identifiability",Critical,IN PROGRESS
Q20,Causal inference / mediation / partial identification,Defines what route and constitutive claims can be inferred from observational and perturbational data.,SCM / mediation / partial-ID methods + cancer applications,"08 - Lineage, Causality, Observability & Identifiability",Critical,TO VERIFY / INGEST
Q21,Precancer / pathology ontology,External reference surface for benign→precursor→in situ→invasive categories without circular definition.,"W2, W30, W31","09 - Precancer, Pathology & Boundary Definitions",Critical,IN PROGRESS
Q22,Regression / non-progression theories,Negative outcomes are necessary to distinguish capability from establishment.,Longitudinal precursor and spontaneous regression literature,"10 - Adversarial Theories, Nulls & Falsifiers",Critical,TO VERIFY / INGEST
Q23,Neutral evolution / drift nulls,Adversarial null against selection-heavy origin narratives.,Neutral tumour evolution literature + W15,"10 - Adversarial Theories, Nulls & Falsifiers",High,TO VERIFY / INGEST
Q24,Infection-driven origins,Tests external persistent causal objects and host–pathogen founder semantics.,HPV/HBV/HCV/EBV/KSHV/H. pylori origin literature,"10 - Adversarial Theories, Nulls & Falsifiers",High,TO VERIFY / INGEST
Q25,Somatic Mutation Theory as explicit rival/foundation,Need direct strongest formulation rather than treating mutation theory as an unnamed default.,Canonical SMT reviews + modern normal-tissue counterevidence,01 - Classical Carcinogenesis Theories,Critical,TO VERIFY / INGEST
Q26,Aneuploidy / chromosomal theory of carcinogenesis,Tests whether karyotypic change can be initiating rather than merely accelerating.,Historical aneuploidy theory + W43 modern review,01 - Classical Carcinogenesis Theories,High,TO VERIFY / INGEST
Q27,Warburg / metabolic-origin theories,Strong historical rival emphasizing metabolic dysfunction; must separate initiation claims from mature tumour metabolism.,Warburg primary lineage + modern critiques/reviews,"10 - Adversarial Theories, Nulls & Falsifiers",High,TO VERIFY / INGEST
Q28,Epigenetic / non-genetic origin theories,Tests state-transition routes with weak or secondary genetic change.,Epigenetic tumorigenesis / non-genetic state literature + W42,"04 - Developmental, Cell-of-Origin & Plasticity",High,IN PROGRESS
Q29,Atavistic / breakdown-of-multicellularity theories,Adversarial macro-theory of cancer as reversion to ancestral cellular programs.,Canonical atavistic cancer literature + critiques,"10 - Adversarial Theories, Nulls & Falsifiers",Medium,TO VERIFY / INGEST
Q30,Host macroenvironment theory,"Origin risk may depend on systemic immune, germline and metabolic context beyond local TME.","W39, W40, W45, W48","11 - Host, Germline, Infection & Systemic Context",High,IN PROGRESS
Q31,Microorganism / persistent infection origin routes,"Required for HPV, EBV, HBV/HCV, KSHV, H. pylori and microbiome-mediated carcinogenesis.","W44, W49 + organ-specific primary studies","11 - Host, Germline, Infection & Systemic Context",Critical,IN PROGRESS
Q32,Carcinogen key-characteristic framework,"Ensures non-mutagenic exposures, inflammation, immunosuppression and receptor-mediated promotion are not omitted.","W38, W47 + IARC Monographs","11 - Host, Germline, Infection & Systemic Context",High,IN PROGRESS
Q33,Prevention/interception causal foundations,Origin theory should survive interventions that alter progression probability before diagnosis.,"Vaccination, exposure-removal, prevention trials, premalignancy interception","12 - Prevention, Interception & Causal Intervention",Critical,TO VERIFY / INGEST
Q34,Viral-mimicry escape hypothesis,Recent explicit claim of a potentially necessary transformation barrier; ideal hostile universality test.,W37 + primary mechanistic sources cited therein,"05 - Niche, Immune & Multicellular Establishment",Critical,ADVERSARIAL TEST
Q35,Hallmarks / malignant-capability ontology,Need a capability reference while preserving the distinction between capability and origin/establishment.,Hanahan 2022 + earlier Hallmarks lineage,00 - Index & Ontology,High,IN PROGRESS
Q36,Comparative oncology / Peto's paradox,Cross-species cancer suppression tests which restoring mechanisms are universal versus lineage-specific.,W70 + comparative oncology primary studies,"11 - Host, Germline, Infection & Systemic Context",High,TO VERIFY / INGEST
Q37,Multicellular cooperation / somatic cheating theory,"Links tissue governance to evolved cooperation, conflict suppression and breakdown of multicellularity.",W69 + modern comparative/evolutionary work,02 - Evolutionary & Ecological Theories,High,IN PROGRESS
