Queue ID,Theory / family,Canonical source(s),Starting boundary,Origin object,Transition mechanism,Onset definition,Establishment / persistence,Ancestry assumption,Spatial scale,Temporal scale,Strongest evidence,Strongest rival / null,Unique prediction,Falsifier,OoC decision,Kernel consequence,Status
Q01,Multistage carcinogenesis,Nordling 1953; Armitage & Doll 1954,,,,,,,,,,,,,,,OPEN
Q02,Two-hit tumour suppressor model,Knudson 1971,,,,,,,,,,,,,,,OPEN
Q03,Clonal evolution,Nowell 1976; modern clonal-evolution literature,,,,,,,,,,,,,,,OPEN
Q04,Genetic progression models,Fearon & Vogelstein 1990,,,,,,,,,,,,,,,OPEN
Q05,Tumour promotion,Berenblum/Shubik historical lineage; Lopez-Bigas et al. 2026,,,,,,,,,,,,,,,OPEN
Q06,Tissue Organization Field Theory,Soto & Sonnenschein 2011 + TOFT corpus,,,,,,,,,,,,,,,OPEN
Q07,Adaptive oncogenesis / aged microenvironment,DeGregori / Rozhok corpus,,,,,,,,,,,,,,,OPEN
Q08,Evolutionary ecology of cancer,Merlo et al. 2006 + modern ecology,,,,,,,,,,,,,,,OPEN
Q09,Field cancerization,Slaughter et al. 1953 + modern field evolution,,,,,,,,,,,,,,,OPEN
Q10,Cell-of-origin / cancer stem-cell theories,Reya et al. 2001 + lineage-specific evidence,,,,,,,,,,,,,,,OPEN
Q11,Developmental cancer theory,Chen et al. 2024 + primary developmental lineage studies,,,,,,,,,,,,,,,OPEN
Q12,Immune surveillance / immunoediting,"Schreiber, Old & Smyth 2011 + primary studies",,,,,,,,,,,,,,,OPEN
Q13,Niche construction / multicellular establishment,Skrupskelyte et al. 2026; Cardoso et al. 2026,,,,,,,,,,,,,,,OPEN
Q14,Critical-transition / attractor theories,Shin & Cho 2023 + attractor literature,,,,,,,,,,,,,,,OPEN
Q15,Two-stage clonal expansion / stochastic carcinogenesis,Moolgavkar/Luebeck/MVK/TSCE,,,,,,,,,,,,,,,OPEN
Q16,Branching-process survival / extinction,Branching-process cancer-initiation literature,,,,,,,,,,,,,,,OPEN
Q17,Metastability / quasi-stationarity,QSD/metastability literature,,,,,,,,,,,,,,,OPEN
Q18,Multistate / semi-Markov natural history,Cheung et al. 2022 + competing-risk methods,,,,,,,,,,,,,,,OPEN
Q19,Lineage reconstruction / phylogenetics,Li et al. 2024 + 2026 single-cell/population-genetics reviews,,,,,,,,,,,,,,,OPEN
Q20,Causal inference / mediation / partial identification,SCM/mediation/partial-ID methods + cancer applications,,,,,,,,,,,,,,,OPEN
Q21,Precancer / pathology ontology,Faupel-Badger et al. 2024; WHO/IARC,,,,,,,,,,,,,,,OPEN
Q22,Regression / non-progression theories,Longitudinal precursor / regression literature,,,,,,,,,,,,,,,OPEN
Q23,Neutral evolution / drift nulls,Neutral tumour-evolution literature,,,,,,,,,,,,,,,OPEN
Q24,Infection-driven origins,Oncovirus + bacterial carcinogenesis literature,,,,,,,,,,,,,,,OPEN
Q25,Somatic Mutation Theory as explicit rival/foundation,Canonical SMT formulations + modern normal-tissue counterevidence,,,,,,,,,,,,,,,OPEN
Q26,Aneuploidy / chromosomal theory of carcinogenesis,Historical chromosome theory + Sdeor et al. 2024,,,,,,,,,,,,,,,OPEN
Q27,Warburg / metabolic-origin theories,Warburg 1956 + modern critiques,,,,,,,,,,,,,,,OPEN
Q28,Epigenetic / non-genetic origin theories,Feinberg et al. 2006; Laisné et al. 2025,,,,,,,,,,,,,,,OPEN
Q29,Atavistic / breakdown-of-multicellularity theories,Davies & Lineweaver 2011 + critiques,,,,,,,,,,,,,,,OPEN
Q30,Host macroenvironment theory,"Host metabolism, inflammageing/CHIP, genetic-background literature",,,,,,,,,,,,,,,OPEN
Q31,Microorganism / persistent infection origin routes,H. pylori + oncovirus route literature,,,,,,,,,,,,,,,OPEN
Q32,Carcinogen key-characteristic framework,IARC key-characteristic and mechanisms framework,,,,,,,,,,,,,,,OPEN
Q33,Prevention/interception causal foundations,"Vaccination, exposure removal, chemoprevention, prevention/interception trials",,,,,,,,,,,,,,,OPEN
Q34,Viral-mimicry escape hypothesis,Chen et al. 2026 + primary mechanistic literature,,,,,,,,,,,,,,,OPEN
Q35,Hallmarks / malignant-capability ontology,Hanahan 2022 + earlier Hallmarks lineage,,,,,,,,,,,,,,,OPEN
Q36,Comparative oncology / Peto's paradox,W70 + comparative oncology primary studies,,,,,,,,,,,,,,,OPEN
Q37,Multicellular cooperation / somatic cheating theory,W69 + modern comparative/evolutionary work,,,,,,,,,,,,,,,OPEN
