ID,Layer,Workstream,Why OoC needs it,Primary foundation folder,Secondary / downstream,Status,Required output
B01,Biology,Normal somatic evolution and mutant clones,"Driver prevalence, positive selection, age and tissue-specific clone dynamics.",02 - Evolutionary & Ecological Theories,"09 - Precancer, Pathology & Boundary Definitions",OPEN,Theory/evidence packet + kernel consequence
B02,Biology,Precancer definitions,"Separate pathology, molecular, epidemiological and dynamical precursor meanings; include progressors and non-progressors.","09 - Precancer, Pathology & Boundary Definitions","10 - Adversarial Theories, Nulls & Falsifiers",OPEN,Theory/evidence packet + kernel consequence
B03,Biology,Tumour promotion,"Non-mutagenic promoters, selection, inflammation, exposures and tissue context.","03 - Tissue Organization, Promotion & Cell Competition","11 - Host, Germline, Infection & Systemic Context",OPEN,Theory/evidence packet + kernel consequence
B04,Biology,Cell competition and tissue integrity,"Competition, extrusion, crowding, epithelial fitness and nascent tumour elimination.","03 - Tissue Organization, Promotion & Cell Competition","05 - Niche, Immune & Multicellular Establishment",OPEN,Theory/evidence packet + kernel consequence
B05,Biology,Polyclonal origins and cooperation,"Founder multiplicity, interclonal cooperation and later sweeps.",02 - Evolutionary & Ecological Theories,"08 - Lineage, Causality, Observability & Identifiability",OPEN,Theory/evidence packet + kernel consequence
B06,Biology,Cell of origin / developmental susceptibility,"Stem/progenitor states, fetal origins and damage-induced susceptibility.","04 - Developmental, Cell-of-Origin & Plasticity","13 - Experimental Systems, Data Programs & Adapter Stress Tests",OPEN,Theory/evidence packet + kernel consequence
B07,Biology,Driver order and timing,SNV/CNA/SV/WGD/telomere-crisis order and timing without laundering order into causality.,01 - Classical Carcinogenesis Theories,"08 - Lineage, Causality, Observability & Identifiability",OPEN,Theory/evidence packet + kernel consequence
B08,Biology,CIN/WGD/SV/ecDNA at initiation,Separate initiating from accelerating genomic-instability mechanisms.,01 - Classical Carcinogenesis Theories,02 - Evolutionary & Ecological Theories,OPEN,Theory/evidence packet + kernel consequence
B09,Biology,Epigenetic reprogramming,"Chromatin, methylation, enhancer state and developmental lock-in.","04 - Developmental, Cell-of-Origin & Plasticity","06 - Dynamical Systems, Attractors & Critical Transitions",OPEN,Theory/evidence packet + kernel consequence
B10,Biology,Plasticity/regenerative states,"Injury programmes, lineage switching and high-plasticity states.","04 - Developmental, Cell-of-Origin & Plasticity","05 - Niche, Immune & Multicellular Establishment",OPEN,Theory/evidence packet + kernel consequence
B11,Biology,Apoptosis/senescence thresholds,"Death gates, senescence, SASP, elimination versus persistence.","05 - Niche, Immune & Multicellular Establishment","12 - Prevention, Interception & Causal Intervention",OPEN,Theory/evidence packet + kernel consequence
B12,Biology,Metabolic transition,"Early metabolic selection, hypoxia and substrate constraints.","05 - Niche, Immune & Multicellular Establishment","11 - Host, Germline, Infection & Systemic Context",OPEN,Theory/evidence packet + kernel consequence
B13,Biology,Stromal niche formation,"Fibroblasts, ECM, fibrosis and reciprocal epithelial–stromal loops.","05 - Niche, Immune & Multicellular Establishment","03 - Tissue Organization, Promotion & Cell Competition",OPEN,Theory/evidence packet + kernel consequence
B14,Biology,Mechanics and architecture,"Space competition, basement membrane, stiffness and compression.","03 - Tissue Organization, Promotion & Cell Competition","05 - Niche, Immune & Multicellular Establishment",OPEN,Theory/evidence packet + kernel consequence
B15,Biology,Early vascular/hypoxic change,Determine when angiogenesis/hypoxia enter origin versus progression.,"05 - Niche, Immune & Multicellular Establishment","13 - Experimental Systems, Data Programs & Adapter Stress Tests",OPEN,Theory/evidence packet + kernel consequence
B16,Biology,Early immune editing,"Elimination, equilibrium, escape and antigen presentation as possible establishment barriers.","05 - Niche, Immune & Multicellular Establishment","10 - Adversarial Theories, Nulls & Falsifiers",OPEN,Theory/evidence packet + kernel consequence
B17,Biology,Chronic inflammation,"Promotion, regenerative cycling and cytokine niches.","11 - Host, Germline, Infection & Systemic Context","05 - Niche, Immune & Multicellular Establishment",OPEN,Theory/evidence packet + kernel consequence
B18,Biology,Ageing and senescence,"Inflammageing, tissue structure and mutational ecology.","11 - Host, Germline, Infection & Systemic Context",02 - Evolutionary & Ecological Theories,OPEN,Theory/evidence packet + kernel consequence
B19,Biology,Microbiome and infection,"Genotoxins, inflammation and persistent viral/bacterial causal objects.","11 - Host, Germline, Infection & Systemic Context","12 - Prevention, Interception & Causal Intervention",OPEN,Theory/evidence packet + kernel consequence
B20,Biology,Germline predisposition,Inherited repair/governance defects and how B0 changes before somatic evolution.,"11 - Host, Germline, Infection & Systemic Context",01 - Classical Carcinogenesis Theories,OPEN,Theory/evidence packet + kernel consequence
B21,Biology,Haematologic premalignancy,"CHIP, CCUS, MDS, MGUS and smouldering myeloma without epithelial architecture.","11 - Host, Germline, Infection & Systemic Context","09 - Precancer, Pathology & Boundary Definitions",OPEN,Theory/evidence packet + kernel consequence
B22,Biology,Paediatric/developmental cancer,Low-mutation developmental and chromatin-driven origins.,"04 - Developmental, Cell-of-Origin & Plasticity","13 - Experimental Systems, Data Programs & Adapter Stress Tests",OPEN,Theory/evidence packet + kernel consequence
B23,Biology,Regression/non-progression,"Spontaneous regression, indolent lesions and eliminated tumours as first-class negative outcomes.","10 - Adversarial Theories, Nulls & Falsifiers","09 - Precancer, Pathology & Boundary Definitions",OPEN,Theory/evidence packet + kernel consequence
B24,Biology,Invasion threshold,Test whether invasion marks onset or later progression by tissue.,"09 - Precancer, Pathology & Boundary Definitions","13 - Experimental Systems, Data Programs & Adapter Stress Tests",OPEN,Theory/evidence packet + kernel consequence
B25,Biology,Field cancerization,"Large altered fields, independent lesions and spatial competition.","09 - Precancer, Pathology & Boundary Definitions",02 - Evolutionary & Ecological Theories,OPEN,Theory/evidence packet + kernel consequence
B26,Biology,Host genetic background,Germline/ancestry-dependent selection and trajectory.,"11 - Host, Germline, Infection & Systemic Context",02 - Evolutionary & Ecological Theories,OPEN,Theory/evidence packet + kernel consequence
B27,Biology,Endocrine and systemic context,"Hormonal selection, sex and organ-level influences on origin routes.","11 - Host, Germline, Infection & Systemic Context","04 - Developmental, Cell-of-Origin & Plasticity",OPEN,Theory/evidence packet + kernel consequence
B28,Biology,Prevention/interception experiments,Perturbations that change progression probability before established disease.,"12 - Prevention, Interception & Causal Intervention","13 - Experimental Systems, Data Programs & Adapter Stress Tests",OPEN,Theory/evidence packet + kernel consequence
B29,Biology,Longitudinal precursor cohorts,Serial sampling and natural-history datasets that include positive and negative outcomes.,"13 - Experimental Systems, Data Programs & Adapter Stress Tests","08 - Lineage, Causality, Observability & Identifiability",OPEN,Theory/evidence packet + kernel consequence
B30,Biology,Natural experiments / causal human evidence,"Vaccination, exposure removal, inherited syndromes and prevention trials.","12 - Prevention, Interception & Causal Intervention","11 - Host, Germline, Infection & Systemic Context",OPEN,Theory/evidence packet + kernel consequence
B31,Biology,Pathology / nosology reference layer,WHO and organ-specific benign/precursor/in-situ/invasive definitions without circularly defining OoC.,"09 - Precancer, Pathology & Boundary Definitions","13 - Experimental Systems, Data Programs & Adapter Stress Tests",OPEN,Theory/evidence packet + kernel consequence
M01,Mathematics,Classical multistage carcinogenesis,"Historical waiting-time and multi-stage foundations: Armitage–Doll, Nordling, Knudson, MVK/TSCE.",07 - Mathematical Natural History & Stochastic Establishment,01 - Classical Carcinogenesis Theories,OPEN,Method applicability record + estimand mapping
M02,Mathematics,Branching processes,Extinction/survival and multitype mutation as candidate establishment semantics.,07 - Mathematical Natural History & Stochastic Establishment,"10 - Adversarial Theories, Nulls & Falsifiers",OPEN,Method applicability record + estimand mapping
M03,Mathematics,Moran / Wright-Fisher / birth-death,Finite-population competition and fixation under explicit assumptions.,07 - Mathematical Natural History & Stochastic Establishment,02 - Evolutionary & Ecological Theories,OPEN,Method applicability record + estimand mapping
M04,Mathematics,First-passage / stopping times,"Entry, waiting time, hitting distributions and nonabsorbing boundaries.",07 - Mathematical Natural History & Stochastic Establishment,"06 - Dynamical Systems, Attractors & Critical Transitions",OPEN,Method applicability record + estimand mapping
M05,Mathematics,Rare-event / large deviations / transition paths,Dominant route probabilities without mistaking mathematical paths for biological causality.,07 - Mathematical Natural History & Stochastic Establishment,"08 - Lineage, Causality, Observability & Identifiability",OPEN,Method applicability record + estimand mapping
M06,Mathematics,Metastability / quasi-stationarity,"Long-lived precancer, conditioned survival and escape times.",07 - Mathematical Natural History & Stochastic Establishment,"06 - Dynamical Systems, Attractors & Critical Transitions",OPEN,Method applicability record + estimand mapping
M07,Mathematics,Stochastic persistence / permanence,Candidate definitions of malignant establishment.,07 - Mathematical Natural History & Stochastic Establishment,"06 - Dynamical Systems, Attractors & Critical Transitions",OPEN,Method applicability record + estimand mapping
M08,Mathematics,Viability / invariant sets,"Safe/unsafe regions, controlled invariance and persistence constraints.",07 - Mathematical Natural History & Stochastic Establishment,"12 - Prevention, Interception & Causal Intervention",OPEN,Method applicability record + estimand mapping
M09,Mathematics,Semi-Markov / non-Markov models,"History dependence, dwell times and delayed feedback; prevent Markov laundering.",07 - Mathematical Natural History & Stochastic Establishment,"08 - Lineage, Causality, Observability & Identifiability",OPEN,Method applicability record + estimand mapping
M10,Mathematics,Stochastic hybrid systems,Discrete genomic events plus continuous ecological variables.,07 - Mathematical Natural History & Stochastic Establishment,"05 - Niche, Immune & Multicellular Establishment",OPEN,Method applicability record + estimand mapping
M11,Mathematics,Spatial stochastic processes,"Local interactions, voter/contact/spatial Moran and branching random walks.",07 - Mathematical Natural History & Stochastic Establishment,"03 - Tissue Organization, Promotion & Cell Competition",OPEN,Method applicability record + estimand mapping
M12,Mathematics,Reaction-diffusion / PDE / SPDE,"Nutrient, oxygen, immune/stromal fields and invasion fronts where continuum assumptions are valid.",07 - Mathematical Natural History & Stochastic Establishment,"05 - Niche, Immune & Multicellular Establishment",OPEN,Method applicability record + estimand mapping
M13,Mathematics,Agent-based modelling,"Multicellular heterogeneity, local rules and emergent niches.",07 - Mathematical Natural History & Stochastic Establishment,"13 - Experimental Systems, Data Programs & Adapter Stress Tests",OPEN,Method applicability record + estimand mapping
M14,Mathematics,Evolutionary game theory / adaptive dynamics,"Frequency dependence, competition, cooperation, public goods and niche construction.",02 - Evolutionary & Ecological Theories,07 - Mathematical Natural History & Stochastic Establishment,OPEN,Method applicability record + estimand mapping
M15,Mathematics,Fitness landscapes,Genotype/phenotype fitness under environmental dependence.,02 - Evolutionary & Ecological Theories,"11 - Host, Germline, Infection & Systemic Context",OPEN,Method applicability record + estimand mapping
M16,Mathematics,Attractor / bifurcation / critical transitions,Prior art for tipping-point language and its biological assumptions.,"06 - Dynamical Systems, Attractors & Critical Transitions","10 - Adversarial Theories, Nulls & Falsifiers",OPEN,Method applicability record + estimand mapping
M17,Mathematics,Change-point detection,Data-driven transition-time estimation without presupposing bifurcation dynamics.,"06 - Dynamical Systems, Attractors & Critical Transitions","08 - Lineage, Causality, Observability & Identifiability",OPEN,Method applicability record + estimand mapping
M18,Mathematics,Hidden-state / state-space / HSMM,Partially observed regimes and dwell-time inference.,"08 - Lineage, Causality, Observability & Identifiability",07 - Mathematical Natural History & Stochastic Establishment,OPEN,Method applicability record + estimand mapping
M19,Mathematics,Bayesian hierarchical models,Shared grammar with tissue-specific parameters/model families.,07 - Mathematical Natural History & Stochastic Establishment,"13 - Experimental Systems, Data Programs & Adapter Stress Tests",OPEN,Method applicability record + estimand mapping
M20,Mathematics,Phylogenetic mathematics,"Ancestral reconstruction, mutation timing, homoplasy and CNA/SV complexity.","08 - Lineage, Causality, Observability & Identifiability",02 - Evolutionary & Ecological Theories,OPEN,Method applicability record + estimand mapping
M21,Mathematics,Causal inference / SCM / mediation,"Intervention identification, longitudinal confounding, mediation and transportability.","08 - Lineage, Causality, Observability & Identifiability","12 - Prevention, Interception & Causal Intervention",OPEN,Method applicability record + estimand mapping
M22,Mathematics,Partial identification,Sets of compatible routes when point identification is impossible.,"08 - Lineage, Causality, Observability & Identifiability","10 - Adversarial Theories, Nulls & Falsifiers",OPEN,Method applicability record + estimand mapping
M23,Mathematics,Optimal experimental design / value of information,"Select assays, perturbations and time points that best discriminate route models.","12 - Prevention, Interception & Causal Intervention","13 - Experimental Systems, Data Programs & Adapter Stress Tests",OPEN,Method applicability record + estimand mapping
M24,Mathematics,Formal verification / typed probabilistic kernels,"Measurability, well-posedness and executable claim semantics only after biology freeze.","10 - Adversarial Theories, Nulls & Falsifiers",07 - Mathematical Natural History & Stochastic Establishment,OPEN,Method applicability record + estimand mapping
M25,Mathematics,Multistate natural-history / survival / event-history models,"Transition hazards, sojourns, reversible states, competing risks, interval censoring and informative surveillance.",07 - Mathematical Natural History & Stochastic Establishment,"09 - Precancer, Pathology & Boundary Definitions",OPEN,Method applicability record + estimand mapping
M26,Mathematics,Coarse-graining / lumpability / multiscale state reduction,"Test whether projections preserve first passage, persistence and intervention-relevant distinctions.",07 - Mathematical Natural History & Stochastic Establishment,"10 - Adversarial Theories, Nulls & Falsifiers",OPEN,Method applicability record + estimand mapping
D01,Measurement,Longitudinal biopsies,Observe state change over time rather than infer all order retrospectively.,"13 - Experimental Systems, Data Programs & Adapter Stress Tests","08 - Lineage, Causality, Observability & Identifiability",OPEN,Observation/identifiability packet
D02,Measurement,Archival precursor-to-cancer series,Link precursor states to later malignancy while tracking ascertainment limits.,"13 - Experimental Systems, Data Programs & Adapter Stress Tests","09 - Precancer, Pathology & Boundary Definitions",OPEN,Observation/identifiability packet
D03,Measurement,Multi-region WGS/WES,Resolve spatial genomic heterogeneity and phylogenetic structure.,"08 - Lineage, Causality, Observability & Identifiability","13 - Experimental Systems, Data Programs & Adapter Stress Tests",OPEN,Observation/identifiability packet
D04,Measurement,Single-cell DNA,Resolve clonal ancestry and CNA/SV mixtures at cellular resolution.,"08 - Lineage, Causality, Observability & Identifiability","13 - Experimental Systems, Data Programs & Adapter Stress Tests",OPEN,Observation/identifiability packet
D05,Measurement,scRNA-seq,Measure cell states while preserving the distinction between state and ancestry.,"08 - Lineage, Causality, Observability & Identifiability","04 - Developmental, Cell-of-Origin & Plasticity",OPEN,Observation/identifiability packet
D06,Measurement,scATAC / methylation / epigenomics,Measure chromatin-state transitions and epigenetic heterogeneity.,"04 - Developmental, Cell-of-Origin & Plasticity","08 - Lineage, Causality, Observability & Identifiability",OPEN,Observation/identifiability packet
D07,Measurement,Joint multiome,Co-measure multiple shadows to improve identifiability.,"08 - Lineage, Causality, Observability & Identifiability","13 - Experimental Systems, Data Programs & Adapter Stress Tests",OPEN,Observation/identifiability packet
D08,Measurement,Lineage recorders / barcoding,Direct ancestry and fate tracing in experimental systems.,"08 - Lineage, Causality, Observability & Identifiability","13 - Experimental Systems, Data Programs & Adapter Stress Tests",OPEN,Observation/identifiability packet
D09,Measurement,Mitochondrial lineage tracing,Alternative ancestry signal in human tissues where useful.,"08 - Lineage, Causality, Observability & Identifiability","13 - Experimental Systems, Data Programs & Adapter Stress Tests",OPEN,Observation/identifiability packet
D10,Measurement,Spatial transcriptomics,Map state and niche geography without equating co-localization with causality.,"08 - Lineage, Causality, Observability & Identifiability","05 - Niche, Immune & Multicellular Establishment",OPEN,Observation/identifiability packet
D11,Measurement,Spatial proteomics / multiplex imaging,Resolve cell-cell circuits and architecture.,"13 - Experimental Systems, Data Programs & Adapter Stress Tests","05 - Niche, Immune & Multicellular Establishment",OPEN,Observation/identifiability packet
D12,Measurement,Digital pathology / morphology,Reference tissue architecture and pathology without defining OoC by labels.,"09 - Precancer, Pathology & Boundary Definitions","13 - Experimental Systems, Data Programs & Adapter Stress Tests",OPEN,Observation/identifiability packet
D13,Measurement,Imaging / radiomics,Non-destructive spatial/habitat measurements and longitudinal readouts.,"13 - Experimental Systems, Data Programs & Adapter Stress Tests","08 - Lineage, Causality, Observability & Identifiability",OPEN,Observation/identifiability packet
D14,Measurement,ctDNA / cfDNA / methylation liquid biopsy,Longitudinal systemic observation with CHIP/non-tumour-source correction.,"08 - Lineage, Causality, Observability & Identifiability","11 - Host, Germline, Infection & Systemic Context",OPEN,Observation/identifiability packet
D15,Measurement,Organoids / tissue explants,Perturb mechanistic hypotheses in tractable context while tracking model limits.,"13 - Experimental Systems, Data Programs & Adapter Stress Tests","12 - Prevention, Interception & Causal Intervention",OPEN,Observation/identifiability packet
D16,Measurement,Autochthonous mouse models,Observe and perturb origin routes in intact tissue ecosystems.,"13 - Experimental Systems, Data Programs & Adapter Stress Tests","12 - Prevention, Interception & Causal Intervention",OPEN,Observation/identifiability packet
D17,Measurement,Intravital imaging,Directly observe early spatial competition and lesion dynamics.,"13 - Experimental Systems, Data Programs & Adapter Stress Tests","03 - Tissue Organization, Promotion & Cell Competition",OPEN,Observation/identifiability packet
D18,Measurement,Human precancer atlases / HTAN-PCA,Human multi-dimensional early-transition reference data.,"13 - Experimental Systems, Data Programs & Adapter Stress Tests","09 - Precancer, Pathology & Boundary Definitions",OPEN,Observation/identifiability packet
D19,Measurement,Perturb-seq / CRISPR lineage-perturbation,Combine mechanism perturbation with state/lineage readout.,"12 - Prevention, Interception & Causal Intervention","13 - Experimental Systems, Data Programs & Adapter Stress Tests",OPEN,Observation/identifiability packet
D20,Measurement,Cross-modal data integration and batch correction,Prevent false latent coherence and platform artifacts.,"08 - Lineage, Causality, Observability & Identifiability","10 - Adversarial Theories, Nulls & Falsifiers",OPEN,Observation/identifiability packet
D21,Measurement,Pathology label harmonization and reference-standard adjudication,Align organ-specific labels while keeping OoC variables independent of labels.,"09 - Precancer, Pathology & Boundary Definitions","13 - Experimental Systems, Data Programs & Adapter Stress Tests",OPEN,Observation/identifiability packet
S01,Validation,Calibration,"Calibration-in-the-large, slopes and curves for any probability claim.","10 - Adversarial Theories, Nulls & Falsifiers","13 - Experimental Systems, Data Programs & Adapter Stress Tests",OPEN,Validation rule + prespecified metric
S02,Validation,Discrimination,AUC/C-index/time-dependent discrimination only when matched to the target.,"10 - Adversarial Theories, Nulls & Falsifiers","13 - Experimental Systems, Data Programs & Adapter Stress Tests",OPEN,Validation rule + prespecified metric
S03,Validation,Proper overall scoring,Brier/proper scores and null-model comparisons; avoid accuracy-only promotion.,"10 - Adversarial Theories, Nulls & Falsifiers","13 - Experimental Systems, Data Programs & Adapter Stress Tests",OPEN,Validation rule + prespecified metric
S04,Validation,Competing-risk / multistate evaluation,"State occupancy, transition-specific predictions, cumulative incidence and censoring-aware scores.","10 - Adversarial Theories, Nulls & Falsifiers",07 - Mathematical Natural History & Stochastic Establishment,OPEN,Validation rule + prespecified metric
S05,Validation,Temporal and external validation,"Frozen-horizon, geographic/temporal external validation and internal-external designs.","10 - Adversarial Theories, Nulls & Falsifiers","13 - Experimental Systems, Data Programs & Adapter Stress Tests",OPEN,Validation rule + prespecified metric
S06,Validation,Sample-size / precision planning,"Events, transitions and calibration precision required before adapter claims.","10 - Adversarial Theories, Nulls & Falsifiers","13 - Experimental Systems, Data Programs & Adapter Stress Tests",OPEN,Validation rule + prespecified metric
S07,Validation,Multiplicity and selection pressure,"Account for route/model families, repeated tuning and benchmark search; require fresh confirmation.","10 - Adversarial Theories, Nulls & Falsifiers",00 - Index & Ontology,OPEN,Validation rule + prespecified metric
S08,Validation,Reporting / risk-of-bias discipline,TRIPOD-style reporting and PROBAST-style bias/applicability audit; update to current extensions.,"10 - Adversarial Theories, Nulls & Falsifiers",00 - Index & Ontology,OPEN,Validation rule + prespecified metric
