source_module,target_module,mechanism,effect,context,readouts,control_levers,evidence_strength,freshness_flag,notes
CIN / Aneuploidy / WGD / Chromothripsis,Tumor Microenvironment & Immune Evasion (TME/TIME),"Chronic WGD/CIN represses cGAS–STING signaling, driving an immunosuppressive TIME",suppresses,chronic WGD/CIN,WGD score; aneuploidy metrics; STING1 expression; IFN/immune signatures; myeloid-inflamed TIME,CIN-aware IO strategies; consider STING agonists where reversible; adjust IO intensity to CIN burden,High,2023-2025-core,Biphasic with acute DDR—requires explicit context tagging.
DNA Damage & Replication Stress (DDR),Tumor Microenvironment & Immune Evasion (TME/TIME),"Acute DNA damage generates cytosolic DNA, activating cGAS–STING and type I IFN, priming IO",stimulates,acute DDR; STING not repressed,pSTING; pIRF3; type I IFN signatures; acute DDR markers,Schedule PARP/ATR/CHK1 with ICI to capture STING/IFN burst while managing toxicity,High,2023-2025-core,Opposes chronic WGD/CIN effect; edge must be tagged as acute.
Telomere Biology (within Mutation/CIN modules),CIN / Aneuploidy / WGD / Chromothripsis,"Telomere crisis generates dicentrics and breakage–fusion–bridge cycles, causing aneuploidy and chromothripsis",stimulates,ALT or telomerase insufficiency; telomere crisis,Telomere fusions; dicentric chromosomes; telomere length; ALT markers,Monitor telomere status; explore telomerase/ALT-directed strategies when translationally ready,High mechanistic; Moderate translational,2023-2025-core,Key Seed→Switch edge; locks telomere biology into CIN/WGD.
Structural Variation & ecDNA,DNA Damage & Replication Stress (DDR),"ecDNA amplicons create high transcriptional output and replication–transcription conflicts, generating RS and CHK1 dependency",stimulates,ecDNA-amplified oncogenes; high transcriptional load,ecDNA by WGS/FISH; AmpliconArchitect/circle-seq; RS gene signatures; γH2AX; pCHK1,"Combine ecDNA payload inhibitors with CHK1/ATR; deploy replication-conflict targeting agents (e.g., BBI-2779-class)",High,2023-2025-core,Translational Nature/NCI data support ecDNA-linked RS/CHK1 vulnerability.
Metabolic Rewiring,Tumor Microenvironment & Immune Evasion (TME/TIME),"Lactate and adenosine accumulation in hypoxic, glycolytic tumors suppress effector cells and favor myeloid/Treg programs",suppresses,hypoxia; high glycolysis; acidic and adenosine-rich niche,MCT1/4 expression; extracellular pH; A2A axis markers; hypoxia signatures,Vessel/chemistry normalization; A2A antagonists; lactate/MCT-directed strategies combined with IO,High,2023-2025-core,Core immunometabolic bottleneck with multiple drugs in or near clinical testing.
Tumor Microenvironment & Immune Evasion (TME/TIME),"Invasion, Metastasis & Premetastatic Niche (EMT/PMN)","LOX-driven ECM crosslinking and stiffness activate YAP/TAZ and abnormal vessels, promoting EMT, intravasation, and resistance",stimulates,"desmoplastic, stiff stroma; high LOX/YAP–TAZ activity","LOX activity; stiffness metrics (e.g., elastography); YAP/TAZ target gene expression; vessel maturity indices",LOX/FAK/YAP–TAZ inhibitors; vessel normalization; stromal-modulating agents,Medium-High,watchlist-2024-2026,Mechanobiology overlay edge; connects Sink to Spread and resistance.
Noncoding RNA & 3D Genome Architecture,"Invasion, Metastasis & Premetastatic Niche (EMT/PMN)",Exosomal ncRNA cargo and integrin profiles condition organ-specific pre-metastatic niches,stimulates,high EV release; organotropic EV integrins,EV integrin repertoire; EV miRNA/ncRNA panels; organ-specific PMN biomarkers,Block EV release/uptake (emerging agents); target downstream PMN effectors; monitor EV signatures for metastatic trajectory,High mechanistic; Medium translational,watchlist-2024-2026,Based on exosomal integrin organotropism; interventions still early-stage.
Epigenetic Reprogramming & Lineage Plasticity,Therapy Resistance & Tumor Evolution,Epi-plasticity generates drug-tolerant persister states and therapy-induced lineage switches that seed genetic resistance,stimulates,targeted therapy pressure; chromatin-mediated tolerance,DTP ATAC/RNA signatures; lineage TF shifts; persister markers,Short-course epi add-ons (EZH2/HDAC/CDK7/9) around targeted agents; adaptive dosing; re-differentiation strategies,High,2023-2025-core,Reversible DTP states are well documented; regimen optimization ongoing.
"Aging, CHIP & Cancer Risk",Tumor Microenvironment & Immune Evasion (TME/TIME),"CHIP and aging drive SASP and immunosenescence, biasing toward a permissive, inflamed but ineffective TIME and confounding ctDNA",suppresses,older host or CHIP carriers; chronic inflammation,CHIP VAF (WBC + ctDNA); IL-6/IL-8 and SASP panels; immune composition/fitness metrics,Anti-inflammatory strategies; senolytics in trials; mandatory WBC sequencing to de-CHIP ctDNA,Medium-High,watchlist-2024-2026,Strong epidemiology and mechanism; definitive interventional trials ongoing.
Therapy Resistance & Tumor Evolution,Somatic Mutation & Clonal Evolution,"Post-therapy resistant clones, often CIN/ecDNA-high, reseed the mutational landscape and drive further evolution",reseeds,post-therapy bottlenecks; relapse setting,Longitudinal ctDNA phylogenies; clonal dynamics; CIN/ecDNA burden over time,Evolution-aware combination/sequencing strategies that close bypass routes; adaptive therapy guided by clonal tracking,High,2023-2025-core,Operationally closes the MVCL; central to adaptive trial design.
Epigenetic Reprogramming & Lineage Plasticity,Therapy Resistance & Tumor Evolution,"High-plasticity cell state (HPCS) supports malignant transition, established tumor maintenance, and resistance.",stimulates,Lung cancer; chemotherapy; targeted therapy; plastic minority state,HPCS transcriptional signature; scRNA; ATAC; lineage/state trajectories,Plasticity-state targeting; lineage-state suppression; combination timing; resistance-window monitoring,High-profile preclinical/in vivo; Nature 2026,new-2026,Promotes plasticity from escape-only framing to transition/maintenance/resistance dependency in studied contexts.
Metabolic Rewiring,Tumor Microenvironment & Immune Evasion (TME/TIME) / Intervention Map,Tumor-released metabolites can guide engineered NK/T-cell migration through metabolite-sensing receptors.,stimulates therapeutic infiltration,GPR183/GPR84/GPR34/GPR18; breast and ovarian tumor models; CAR-NK/CAR-T,GPR expression; ligand/metabolite availability; immune-cell infiltration; chemotaxis assays,GPR-engineered NK/T/CAR cells; metabolite-guided cell-therapy routing,Translational/preclinical; Nature Immunology 2026,new-2026,Inverts metabolic output from purely suppressive signal into potential engineered immune-cell homing signal.
Structural Variation & ecDNA,Tumor Microenvironment & Immune Evasion (TME/TIME),Cytosolic ecDNA fragments can activate cGAS-STING; ecDNA+ tumors may silence cGAS/STING through promoter hypermethylation.,biphasic,ecDNA+ tumors; STING-intact vs STING-silenced states,ecDNA status; cGAS/STING expression; promoter methylation; IFN signatures,STING restoration/reactivation; methylation-state assessment; ecDNA immune-sensing stratification,Preprint; preclinical,new-2026-provisional,Keep provisional until peer-reviewed validation; do not promote to clinical-standard lever.
DNA Damage & Replication Stress (DDR),Systemic Therapy / Intervention Map,RRM2 inhibition increases replication stress and sensitizes RS-high neuroblastoma models to CHK1 inhibition.,suppresses survival,Neuroblastoma; TAS1553; prexasertib/SRA737; RS-high state,RRM2; gamma-H2AX; pCHK1; fork-stress markers; tumor viability,RRM2 inhibitor + CHK1 inhibitor; RS-overload combination testing,Preclinical; Cell Death & Disease 2026,new-2026,Pillar 2 update; not clinical-standard evidence; biomarker-selected context required.
Noncoding RNA & 3D Genome Architecture / EV overlay,"Invasion, Metastasis & Premetastatic Niche (EMT/PMN)","Pancreatic cancer exosomal miR-92a-3p inhibits endothelial DAB2IP, activates PI3K-AKT, and increases vascular permeability/extravasation.",stimulates spread,Pancreatic adenocarcinoma; lung metastasis/extravasation; endothelial barrier disruption,Exosomal miR-92a-3p; DAB2IP; endothelial permeability; PI3K-AKT activity,EV/miRNA blockade; DAB2IP/PI3K-AKT axis targeting; permeability/PMN monitoring,Preclinical/mechanistic; patient-associated exosome signal,new-2026,Strengthens EV overlay as concrete metastasis-edge emitter.
Oncogene & Tumor-Suppressor Circuitry,"Invasion, Metastasis & Premetastatic Niche (EMT/PMN) / Organotropism","MET amplification is enriched in LUAD brain metastases and defines a biologically distinct, targetable subtype.",stimulates organotropism,Lung adenocarcinoma brain metastasis; MET amplification; driver-negative subset,MET amplification by FISH/NGS; MET IHC; ctDNA MET alteration; glycolytic/OXPHOS signatures; TWIST1,MET inhibitors; CNS-metastasis biomarker stratification; organotropism-specific monitoring,Human cohort + preclinical in vivo response; JCI 2025/2026,Dec-2025-online / 2026-issue,Date nuance: online Dec 18 2025; issue Feb 16 2026. Adds subtype-level organotropism edge.
"Aging, CHIP & Cancer Risk",Therapy Context / Measurement Layer,Chemotherapy can expand TP53-mutant clonal hematopoiesis; CDK4/6 inhibition can mitigate that expansion.,modulates host risk,Chemotherapy; TP53-mutant CH; trilaciclib/CDK4/6 inhibition; SCLC trial samples and mouse models,WBC-matched sequencing; CH VAF; TP53/PPM1D/CHEK2 mutations; ctDNA deconvolution,WBC sequencing; CH monitoring; host-protective scheduling; therapy-pressure risk management,Translational/clinical samples + models; Nature Genetics 2026,new-2026,Strengthens CHIP as biology plus liquid-biopsy confound and host-risk dimension.
